example_id,method,rank,feature,feature_value,contribution,direction,contribution_scale
high_risk_true_positive,SHAP,1,hist_cell_hour_risk,0.2345864623785019,2.2886502742767334,increases_risk,xgboost_raw_margin
high_risk_true_positive,SHAP,2,prev_7d_incident_count,16.0,0.3927761912345886,increases_risk,xgboost_raw_margin
high_risk_true_positive,SHAP,3,neighbor_prev_3h_incident_count,4.0,0.32398688793182373,increases_risk,xgboost_raw_margin
high_risk_true_positive,SHAP,4,year,2025.0,0.12370584905147552,increases_risk,xgboost_raw_margin
high_risk_true_positive,SHAP,5,prev_24h_incident_count,4.0,0.09561972320079803,increases_risk,xgboost_raw_margin
high_risk_true_positive,SHAP,6,neighbor_prev_24h_incident_count,11.0,0.07248465716838837,increases_risk,xgboost_raw_margin
high_risk_true_positive,SHAP,7,neighbor_prev_7d_severity_weight_sum,36.0,0.04912808537483215,increases_risk,xgboost_raw_margin
high_risk_true_positive,SHAP,8,neighbor_prev_7d_incident_count,41.0,0.03984654322266579,increases_risk,xgboost_raw_margin
high_risk_true_positive,LIME,1,hist_cell_hour_risk > 0.04,,0.41749156841534657,increases_risk,local_probability_surrogate
high_risk_true_positive,LIME,2,prev_7d_incident_count > 2.00,,0.05867439135834116,increases_risk,local_probability_surrogate
high_risk_true_positive,LIME,3,prev_3h_incident_count <= 0.00,,-0.04352843621344578,decreases_risk,local_probability_surrogate
high_risk_true_positive,LIME,4,prev_24h_incident_count > 0.00,,0.03336598569188091,increases_risk,local_probability_surrogate
high_risk_true_positive,LIME,5,year > 2022.00,,0.027473196308826477,increases_risk,local_probability_surrogate
high_risk_true_positive,LIME,6,neighbor_prev_24h_incident_count > 2.00,,0.023131168848244062,increases_risk,local_probability_surrogate
high_risk_true_positive,LIME,7,day_of_week_Friday <= 0.00,,0.02264572332873972,increases_risk,local_probability_surrogate
high_risk_true_positive,LIME,8,neighbor_prev_7d_severity_weight_sum > 12.00,,0.017921719773832796,increases_risk,local_probability_surrogate
high_risk_false_positive,SHAP,1,hist_cell_hour_risk,0.225677028298378,2.2413313388824463,increases_risk,xgboost_raw_margin
high_risk_false_positive,SHAP,2,prev_7d_incident_count,17.0,0.3995806872844696,increases_risk,xgboost_raw_margin
high_risk_false_positive,SHAP,3,neighbor_prev_3h_incident_count,6.0,0.3045238256454468,increases_risk,xgboost_raw_margin
high_risk_false_positive,SHAP,4,prev_3h_incident_count,1.0,0.186416357755661,increases_risk,xgboost_raw_margin
high_risk_false_positive,SHAP,5,year,2025.0,0.15053240954875946,increases_risk,xgboost_raw_margin
high_risk_false_positive,SHAP,6,prev_24h_incident_count,5.0,0.10520335286855698,increases_risk,xgboost_raw_margin
high_risk_false_positive,SHAP,7,neighbor_prev_24h_incident_count,11.0,0.07184723764657974,increases_risk,xgboost_raw_margin
high_risk_false_positive,SHAP,8,neighbor_prev_24h_severity_weight_sum,13.0,0.03214871510863304,increases_risk,xgboost_raw_margin
high_risk_false_positive,LIME,1,hist_cell_hour_risk > 0.04,,0.40221332860521336,increases_risk,local_probability_surrogate
high_risk_false_positive,LIME,2,prev_7d_incident_count > 2.00,,0.057564426420634876,increases_risk,local_probability_surrogate
high_risk_false_positive,LIME,3,prev_3h_incident_count > 0.00,,0.033551239508056885,increases_risk,local_probability_surrogate
high_risk_false_positive,LIME,4,neighbor_prev_24h_incident_count > 2.00,,0.03184941584399774,increases_risk,local_probability_surrogate
high_risk_false_positive,LIME,5,neighbor_prev_7d_incident_count > 12.00,,0.022798654488419598,increases_risk,local_probability_surrogate
high_risk_false_positive,LIME,6,prev_24h_incident_count > 0.00,,0.02238923350870625,increases_risk,local_probability_surrogate
high_risk_false_positive,LIME,7,is_weekend <= 0.00,,0.020792720690029593,increases_risk,local_probability_surrogate
high_risk_false_positive,LIME,8,prev_7d_severity_weight_sum > 2.00,,0.019721399265439154,increases_risk,local_probability_surrogate
low_score_false_negative,SHAP,1,hist_cell_hour_risk,0.0,-8.316967010498047,decreases_risk,xgboost_raw_margin
low_score_false_negative,SHAP,2,hist_cell_risk,0.0,-0.647057056427002,decreases_risk,xgboost_raw_margin
low_score_false_negative,SHAP,3,neighbor_prev_7d_incident_count,0.0,-0.26084840297698975,decreases_risk,xgboost_raw_margin
low_score_false_negative,SHAP,4,prev_7d_incident_count,0.0,-0.12888583540916443,decreases_risk,xgboost_raw_margin
low_score_false_negative,SHAP,5,year,2025.0,0.09871810674667358,increases_risk,xgboost_raw_margin
low_score_false_negative,SHAP,6,is_weekend,1.0,-0.08166393637657166,decreases_risk,xgboost_raw_margin
low_score_false_negative,SHAP,7,neighbor_prev_7d_active_cell_count,0.0,-0.07597900182008743,decreases_risk,xgboost_raw_margin
low_score_false_negative,SHAP,8,neighbor_prev_7d_severity_weight_sum,0.0,-0.050405725836753845,decreases_risk,xgboost_raw_margin
low_score_false_negative,LIME,1,hist_cell_hour_risk <= 0.00,,-0.4285360681457578,decreases_risk,local_probability_surrogate
low_score_false_negative,LIME,2,neighbor_prev_7d_incident_count <= 1.00,,-0.05474953967699239,decreases_risk,local_probability_surrogate
low_score_false_negative,LIME,3,prev_7d_incident_count <= 0.00,,-0.05473167402427553,decreases_risk,local_probability_surrogate
low_score_false_negative,LIME,4,neighbor_prev_3h_incident_count <= 0.00,,-0.03341235702430841,decreases_risk,local_probability_surrogate
low_score_false_negative,LIME,5,hist_cell_risk <= 0.00,,-0.02884496409776843,decreases_risk,local_probability_surrogate
low_score_false_negative,LIME,6,neighbor_prev_7d_active_cell_count <= 1.00,,-0.027494689947978414,decreases_risk,local_probability_surrogate
low_score_false_negative,LIME,7,year > 2022.00,,0.026715514444973443,increases_risk,local_probability_surrogate
low_score_false_negative,LIME,8,day_of_week_Saturday > 0.00,,0.025623291128775812,increases_risk,local_probability_surrogate
low_risk_true_negative,SHAP,1,hist_cell_hour_risk,0.0,-8.356596946716309,decreases_risk,xgboost_raw_margin
low_risk_true_negative,SHAP,2,hist_cell_risk,0.0,-0.5910738706588745,decreases_risk,xgboost_raw_margin
low_risk_true_negative,SHAP,3,neighbor_prev_7d_incident_count,0.0,-0.28385433554649353,decreases_risk,xgboost_raw_margin
low_risk_true_negative,SHAP,4,prev_7d_incident_count,0.0,-0.12885624170303345,decreases_risk,xgboost_raw_margin
low_risk_true_negative,SHAP,5,is_weekend,1.0,-0.08207039535045624,decreases_risk,xgboost_raw_margin
low_risk_true_negative,SHAP,6,neighbor_prev_7d_active_cell_count,0.0,-0.0760248526930809,decreases_risk,xgboost_raw_margin
low_risk_true_negative,SHAP,7,hour_block,2.0,-0.06303787976503372,decreases_risk,xgboost_raw_margin
low_risk_true_negative,SHAP,8,neighbor_prev_24h_incident_count,0.0,-0.060826625674963,decreases_risk,xgboost_raw_margin
low_risk_true_negative,LIME,1,hist_cell_hour_risk <= 0.00,,-0.42239098293578636,decreases_risk,local_probability_surrogate
low_risk_true_negative,LIME,2,prev_3h_incident_count <= 0.00,,-0.054803836277572245,decreases_risk,local_probability_surrogate
low_risk_true_negative,LIME,3,neighbor_prev_7d_incident_count <= 1.00,,-0.05060494638473871,decreases_risk,local_probability_surrogate
low_risk_true_negative,LIME,4,prev_7d_incident_count <= 0.00,,-0.04801120691875821,decreases_risk,local_probability_surrogate
low_risk_true_negative,LIME,5,hist_cell_risk <= 0.00,,-0.035492294027340526,decreases_risk,local_probability_surrogate
low_risk_true_negative,LIME,6,neighbor_prev_24h_incident_count <= 0.00,,-0.029024669654345747,decreases_risk,local_probability_surrogate
low_risk_true_negative,LIME,7,neighbor_prev_3h_incident_count <= 0.00,,-0.027330337454470634,decreases_risk,local_probability_surrogate
low_risk_true_negative,LIME,8,0.00 < is_weekend <= 1.00,,-0.024004103294837677,decreases_risk,local_probability_surrogate
