rank,acci_name_ar,acci_name_normalized,count,share
1,مركبه عطلانه في الشارع - بسيط,مركبه عطلانه في الشارع - بسيط,83297,0.11566538
2,الوقوف خلف المركبات (دبل بارك) - بسيط,الوقوف خلف المركبات (دبل بارك) - بسيط,58031,0.08058126
3,صدم عمود - بسيط,صدم عمود - بسيط,43851,0.06089106
4,حادث اصطدام بين سيارتين- بسيط,حادث اصطدام بين سيارتين - بسيط,36356,0.05048358
5,تعطل مركبة على طريق عام,تعطل مركبة على طريق عام,35380,0.04912831
6,صدم جدار - بسيط,صدم جدار - بسيط,31819,0.04418354
7,صدم حاجز - بسيط,صدم حاجز - بسيط,29010,0.04028299
8,اصطدام بين مركبتين - بسيط,اصطدام بين مركبتين - بسيط,28475,0.03954010
9,تعطل مركبة خفيفة - بسيط,تعطل مركبة خفيفة - بسيط,25951,0.03603530
10,مركبات مخالفة,مركبات مخالفة,22262,0.03091279
11,حادث صدم عمود- بسيط,حادث صدم عمود - بسيط,22034,0.03059619
12,صدم رصيف - بسيط,صدم رصيف - بسيط,17905,0.02486270
13,الصدم والهروب - بسيط,الصدم والهروب - بسيط,16915,0.02348800
14,وجود جسم في الشارع - بسيط,وجود جسم في الشارع - بسيط,15388,0.02136762
15,حادث صدم جدار- بسيط,حادث صدم جدار - بسيط,15302,0.02124820
16,حادث ضد مجهول- بسيط,حادث ضد مجهول - بسيط,14982,0.02080385
17,حادث صدم و هروب- بسيط,حادث صدم و هروب - بسيط,14693,0.02040255
18,صدم دراجة نارية - بسيط,صدم دراجة نارية - بسيط,12323,0.01711159
19,صدم دراجة نارية - بليغ,صدم دراجة نارية - بليغ,11242,0.01561053
20,حادث صدم حاجز- بسيط,حادث صدم حاجز - بسيط,10786,0.01497733
21,تعطل مركبة ثقيلة - بسيط,تعطل مركبة ثقيلة - بسيط,10169,0.01412057
22,حادث صدم رصيف- بسيط,حادث صدم رصيف - بسيط,9046,0.01256118
23,اصطدام بين مركبتين - بليغ,اصطدام بين مركبتين - بليغ,8884,0.01233623
24,ازدحام مروري - بسيط,ازدحام مروري - بسيط,8763,0.01216821
25,اصطدام بين عدة مركبات - بسيط,اصطدام بين عدة مركبات - بسيط,8301,0.01152669
26,وجود جسم في الشارع,وجود جسم في الشارع,7556,0.01049219
27,حادث اصطدام بين عدة سيارات- بسيط,حادث اصطدام بين عدة سيارات - بسيط,5712,0.00793163
28,الاستعراضات والتفحيط - بسيط,الاستعراضات والتفحيط - بسيط,5575,0.00774139
29,طلب ثبات دورية في موقع عمل على الطريق العام - بسيط,طلب ثبات دورية في موقع عمل على الطريق العام - بسيط,5133,0.00712763
30,صدم باب - بسيط,صدم باب - بسيط,4641,0.00644445
31,دهس - بسيط,دهس - بسيط,4600,0.00638751
32,حادث صدم دراجة- بسيط,حادث صدم دراجة - بسيط,4584,0.00636530
33,تدهور دراجة نارية - بليغ,تدهور دراجة نارية - بليغ,4581,0.00636113
34,تطاير أجسام على مركبة,تطاير أجسام على مركبة,4381,0.00608341
35,تعطل اشارة ضوئية - بسيط,تعطل اشارة ضوئية - بسيط,4173,0.00579459
36,دهس - بليغ,دهس - بليغ,4079,0.00566406
37,تدهور دراجة نارية - بسيط,تدهور دراجة نارية - بسيط,4036,0.00560435
38,صدم دراجة هوائية - بسيط,صدم دراجة هوائية - بسيط,3791,0.00526414
39,حادث اصطدام بين سيارتين- بليغ,حادث اصطدام بين سيارتين - بليغ,3122,0.00433518
40,اصطدام بين عدة مركبات - بليغ,اصطدام بين عدة مركبات - بليغ,2777,0.00385611
41,سقوط وتطاير أجسام على مركبة أثناء سيرها - بسيط,سقوط وتطاير أجسام على مركبة أثناء سيرها - بسيط,2540,0.00352702
42,حيوانات سائبة على الطريق العام - بسيط,حيوانات سائبة على الطريق العام - بسيط,2502,0.00347425
43,حادث صدم دراجة- بليغ,حادث صدم دراجة - بليغ,2485,0.00345065
44,تعطل مركبة نقل أموال - بسيط,تعطل مركبة نقل أموال - بسيط,2156,0.00299380
45,تدهور مركبة خفيفة - بسيط,تدهور مركبة خفيفة - بسيط,2145,0.00297853
46,صدم علامة مرورية - بسيط,صدم علامة مرورية - بسيط,2122,0.00294659
47,صدم شجرة - بسيط,صدم شجرة - بسيط,2085,0.00289521
48,تعطل اشارة ضوئية,تعطل اشارة ضوئية,1761,0.00244531
49,تدهور مركبة ثقيلة - بسيط,تدهور مركبة ثقيلة - بسيط,1757,0.00243975
50,صدم دراجة هوائية - بليغ,صدم دراجة هوائية - بليغ,1623,0.00225368
51,حادث حريق في مركبة- بسيط,حادث حريق في مركبة - بسيط,1575,0.00218703
52,عبور شخص أو عدة أشخاص من مكان غير مخصص لعبور المشا,عبور شخص أو عدة أشخاص من مكان غير مخصص لعبور المشا,1396,0.00193847
53,تدهور دراجة هوائية - بليغ,تدهور دراجة هوائية - بليغ,1266,0.00175795
54,حادث صدم لوحة إرشادية- بسيط,حادث صدم لوحة إرشادية - بسيط,1181,0.00163992
55,حادث ضد مجهول - بسيط,حادث ضد مجهول - بسيط,1168,0.00162187
56,تدهور مركبة خفيفة - بليغ,تدهور مركبة خفيفة - بليغ,1148,0.00159410
57,حادث دهس رجل- بليغ,حادث دهس رجل - بليغ,1092,0.00151634
58,حادث اصطدام بين سيارتين- متوسط,حادث اصطدام بين سيارتين - متوسط,1080,0.00149968
59,صدم حاجز - بليغ,صدم حاجز - بليغ,1071,0.00148718
60,صدم حيوان - بسيط,صدم حيوان - بسيط,1018,0.00141358
61,حادث تدهور مركبة خفيفة- بسيط,حادث تدهور مركبة خفيفة - بسيط,1013,0.00140664
62,حادث اصطدام بين عدة سيارات- بليغ,حادث اصطدام بين عدة سيارات - بليغ,1009,0.00140109
63,حادث دهس رجل- بسيط,حادث دهس رجل - بسيط,1004,0.00139414
64,حادث صدم شجرة- بسيط,حادث صدم شجرة - بسيط,970,0.00134693
65,صدم جسم في الشارع - بسيط,صدم جسم في الشارع - بسيط,940,0.00130527
66,صدم مبنى - بسيط,صدم مبنى - بسيط,869,0.00120668
67,تدهور دراجة هوائية - بسيط,تدهور دراجة هوائية - بسيط,843,0.00117058
68,حادث تدهور دراجة- بليغ,حادث تدهور دراجة - بليغ,783,0.00108727
69,وجود بقعة زيت على الشارع - بسيط,وجود بقعة زيت على الشارع - بسيط,749,0.00104005
70,حادث تدهور مركبة ثقيلة- بسيط,حادث تدهور مركبة ثقيلة - بسيط,735,0.00102061
71,حريق مركبة أثناء سيرها,حريق مركبة أثناء سيرها,728,0.00101089
72,حادث تدهور دراجة- بسيط,حادث تدهور دراجة - بسيط,703,0.00097618
73,دهس وهروب - بسيط,دهس وهروب - بسيط,700,0.00097201
74,اصطدام بين شاحنة ومركبة - بسيط,اصطدام بين شاحنة ومركبة - بسيط,674,0.00093591
75,حادث تدهور مركبة خفيفة- بليغ,حادث تدهور مركبة خفيفة - بليغ,630,0.00087481
76,حادث صدم دراجة- متوسط,حادث صدم دراجة - متوسط,525,0.00072901
77,حادث صدم مبنى او بيوت او معرض- بسيط,حادث صدم مبنى او بيوت او معرض - بسيط,523,0.00072623
78,حريق مركبة أثناء سيرها - بليغ,حريق مركبة أثناء سيرها - بليغ,487,0.00067624
79,دخول شاحنة في مكان ممنوع - بسيط,دخول شاحنة في مكان ممنوع - بسيط,482,0.00066930
80,صدم عمود - بليغ,صدم عمود - بليغ,433,0.00060126
81,سقوط مركبة في حفرة - بسيط,سقوط مركبة في حفرة - بسيط,428,0.00059432
82,صدم حواجز - بسيط,صدم حواجز - بسيط,414,0.00057488
83,حادث صدم حاجز- بليغ,حادث صدم حاجز - بليغ,407,0.00056516
84,مشاهدة مركبة تسير عكس اتجاه السير - بسيط,مشاهدة مركبة تسير عكس اتجاه السير - بسيط,399,0.00055405
85,صدم إشارة ضوئية - بسيط,صدم إشارة ضوئية - بسيط,398,0.00055266
86,تعطل مركبة عسكرية - بسيط,تعطل مركبة عسكرية - بسيط,392,0.00054433
87,صدم رصيف - بليغ,صدم رصيف - بليغ,382,0.00053044
88,حادث اصطدام بين عدة سيارات- متوسط,حادث اصطدام بين عدة سيارات - متوسط,377,0.00052350
89,تدهور مركبة ثقيلة - بليغ,تدهور مركبة ثقيلة - بليغ,375,0.00052072
90,تعطل مركبة نتيجة حادث مروري بسيط,تعطل مركبة نتيجة حادث مروري بسيط,362,0.00050267
91,اصطدام بين شاحنتين - بسيط,اصطدام بين شاحنتين - بسيط,353,0.00049017
92,التسابق في الشارع العام - بسيط,التسابق في الشارع العام - بسيط,351,0.00048740
93,تم الغاء نوع الحدث3,تم الغاء نوع الحدث3,338,0.00046934
94,دهس وهروب - بليغ,دهس وهروب - بليغ,336,0.00046657
95,الصدم والهروب - بليغ,الصدم والهروب - بليغ,335,0.00046518
96,سقوط حمولة من على مركبة أثناء سيرها - بسيط,سقوط حمولة من على مركبة أثناء سيرها - بسيط,335,0.00046518
97,حادث صدم حيوان-بسيط,حادث صدم حيوان - بسيط,294,0.00040825
98,حادث دهس امراة- بليغ,حادث دهس امراة - بليغ,264,0.00036659
99,حادث دهس امراة- بسيط,حادث دهس امراة - بسيط,261,0.00036242
100,حادث حريق في مركبة- بليغ,حادث حريق في مركبة - بليغ,259,0.00035964
101,اصطدام بين شاحنة ومركبة - بليغ,اصطدام بين شاحنة ومركبة - بليغ,257,0.00035687
102,صدم جدار - بليغ,صدم جدار - بليغ,247,0.00034298
103,مسيرات احتفالية غير مرخصة - بسيط,مسيرات احتفالية غير مرخصة - بسيط,218,0.00030271
104,سقوط مركبة في حفرة- بسيط,سقوط مركبة في حفرة - بسيط,214,0.00029716
105,حادث صدم عمود- بليغ,حادث صدم عمود - بليغ,202,0.00028050
106,صدم مركبة عسكرية - بسيط,صدم مركبة عسكرية - بسيط,188,0.00026105
107,حادث تدهور مركبة ثقيلة- بليغ,حادث تدهور مركبة ثقيلة - بليغ,184,0.00025550
108,حادث صدم رصيف- بليغ,حادث صدم رصيف - بليغ,182,0.00025272
109,حادث صدم اشارة مرورية- بسيط,حادث صدم اشارة مرورية - بسيط,173,0.00024023
110,حادث دهس رجل- متوسط,حادث دهس رجل - متوسط,170,0.00023606
111,حادث صدم حاجز- متوسط,حادث صدم حاجز - متوسط,159,0.00022079
112,مروري,مروري,133,0.00018468
113,حادث تدهور دراجة- متوسط,حادث تدهور دراجة - متوسط,131,0.00018191
114,حادث دهس طفل- بليغ,حادث دهس طفل - بليغ,130,0.00018052
115,حادث اصطدام بين سيارتين,حادث اصطدام بين سيارتين,129,0.00017913
116,حادث دهس طفل- بسيط,حادث دهس طفل - بسيط,126,0.00017496
117,حادث صدم جدار- بليغ,حادث صدم جدار - بليغ,120,0.00016663
118,اصطدام بين شاحنتين - بليغ,اصطدام بين شاحنتين - بليغ,116,0.00016108
119,حادث صدم رصيف- متوسط,حادث صدم رصيف - متوسط,114,0.00015830
120,صدم جسر من شاحنة عالية الارتفاع - بسيط,صدم جسر من شاحنة عالية الارتفاع - بسيط,104,0.00014441
121,حادث حريق في مركبة- متوسط,حادث حريق في مركبة - متوسط,100,0.00013886
122,صدم شجرة - بليغ,صدم شجرة - بليغ,84,0.00011664
123,حادث تدهور مركبة خفيفة- متوسط,حادث تدهور مركبة خفيفة - متوسط,84,0.00011664
124,انفصال مقطورة عن مركبة أثناء سيرها - بسيط,انفصال مقطورة عن مركبة أثناء سيرها - بسيط,77,0.00010692
125,حادث صدم عمود- متوسط,حادث صدم عمود - متوسط,70,0.00009720
126,حادث صدم و هروب- بليغ,حادث صدم و هروب - بليغ,69,0.00009581
127,سقوط شخص من مركبة أثناء سيرها - بسيط,سقوط شخص من مركبة أثناء سيرها - بسيط,61,0.00008470
128,صدم مركبة نقل أموال - بسيط,صدم مركبة نقل أموال - بسيط,59,0.00008193
129,حادث دهس امراة- متوسط,حادث دهس امراة - متوسط,50,0.00006943
130,حوادث مرورية اخرى,حوادث مرورية اخرى,48,0.00006665
131,ازدحام في المنافذ الحدودية - بسيط,ازدحام في المنافذ الحدودية - بسيط,48,0.00006665
132,تعطل مركبة نقل موقوفين أو مساجين - بسيط,تعطل مركبة نقل موقوفين أو مساجين - بسيط,45,0.00006249
133,سقوط مركبة من ارتفاع - بسيط,سقوط مركبة من ارتفاع - بسيط,44,0.00006110
134,تعطل مثبت السرعة - بسيط,تعطل مثبت السرعة - بسيط,41,0.00005693
135,سقوط حاوية- بسيط,سقوط حاوية - بسيط,40,0.00005554
136,اصطدام بين حافلة نقل عمال ومركبة - بليغ,اصطدام بين حافلة نقل عمال ومركبة - بليغ,40,0.00005554
137,اصطدام بين حافلة مدرسية ومركبة - بسيط,اصطدام بين حافلة مدرسية ومركبة - بسيط,40,0.00005554
138,وجود حفرة في الطريق - بسيط,وجود حفرة في الطريق - بسيط,38,0.00005277
139,اصطدام بين حافلة نقل عمال ومركبة - بسيط,اصطدام بين حافلة نقل عمال ومركبة - بسيط,36,0.00004999
140,حادث تدهور مركبة ثقيلة- متوسط,حادث تدهور مركبة ثقيلة - متوسط,35,0.00004860
141,سقوط شخص من مركبة أثناء سيرها - بليغ,سقوط شخص من مركبة أثناء سيرها - بليغ,33,0.00004582
142,تم الغاء نوع الحدث1,تم الغاء نوع الحدث1,32,0.00004443
143,سقوط رافعة- بسيط,سقوط رافعة - بسيط,32,0.00004443
144,حادث صدم شجرة- بليغ,حادث صدم شجرة - بليغ,31,0.00004305
145,حادث صدم جدار- متوسط,حادث صدم جدار - متوسط,30,0.00004166
146,صدم حواجز - بليغ,صدم حواجز - بليغ,30,0.00004166
147,حادث صدم و هروب- متوسط,حادث صدم و هروب - متوسط,28,0.00003888
148,تم الغاء نوع الحدث 2,تم الغاء نوع الحدث 2,26,0.00003610
149,تدهور حافلة عمال أو موظفين - بسيط,تدهور حافلة عمال أو موظفين - بسيط,23,0.00003194
150,صدم حيوان - بليغ,صدم حيوان - بليغ,22,0.00003055
151,صدم إشارة ضوئية - بليغ,صدم إشارة ضوئية - بليغ,22,0.00003055
152,قيادة مركبة بدون رخصة,قيادة مركبة بدون رخصة,21,0.00002916
153,تدهور حافلة عمال أو موظفين - بليغ,تدهور حافلة عمال أو موظفين - بليغ,21,0.00002916
154,حادث صدم رصيف,حادث صدم رصيف,20,0.00002777
155,صدم علامة مرورية - بليغ,صدم علامة مرورية - بليغ,18,0.00002499
156,حادث صدم شجرة- متوسط,حادث صدم شجرة - متوسط,17,0.00002361
157,حادث صدم حيوان- بليغ,حادث صدم حيوان - بليغ,17,0.00002361
158,تدهور صهريج لمواد قابلة للاشتعال - بسيط,تدهور صهريج لمواد قابلة للاشتعال - بسيط,16,0.00002222
159,سقوط مركبة من ارتفاع- بسيط,سقوط مركبة من ارتفاع - بسيط,16,0.00002222
160,سقوط مركبة في حفرة- بليغ,سقوط مركبة في حفرة - بليغ,16,0.00002222
161,سقوط مركبة في حفرة - بليغ,سقوط مركبة في حفرة - بليغ,13,0.00001805
162,حادث صدم لوحة إرشادية,حادث صدم لوحة إرشادية,12,0.00001666
163,حادث تدهور باص عمال او موظفين- بسيط,حادث تدهور باص عمال او موظفين - بسيط,12,0.00001666
164,حادث تدهور باص عمال او موظفين- بليغ,حادث تدهور باص عمال او موظفين - بليغ,12,0.00001666
165,اصطدام بين حافلة مدرسية ومركبة - بليغ,اصطدام بين حافلة مدرسية ومركبة - بليغ,12,0.00001666
166,حادث صدم عمود,حادث صدم عمود,12,0.00001666
167,صدم باب - بليغ,صدم باب - بليغ,11,0.00001527
168,تعطل مثبت السرعة,تعطل مثبت السرعة,11,0.00001527
169,صدم مبنى - بليغ,صدم مبنى - بليغ,10,0.00001389
170,صدم مركبة عسكرية - بليغ,صدم مركبة عسكرية - بليغ,10,0.00001389
171,حادث صدم لوحة إرشادية- بليغ,حادث صدم لوحة إرشادية - بليغ,9,0.00001250
172,سقوط مركبة في حفرة- متوسط,سقوط مركبة في حفرة - متوسط,9,0.00001250
173,انفصال مقطورة عن مركبة أثناء سيرها,انفصال مقطورة عن مركبة أثناء سيرها,9,0.00001250
174,حادث صدم ترام- بسيط,حادث صدم ترام - بسيط,8,0.00001111
175,حادث تدهور صهريج لمواد قابلة للاشتعال- بسيط,حادث تدهور صهريج لمواد قابلة للاشتعال - بسيط,8,0.00001111
176,صدم صهريج مواد كيماوية - بليغ,صدم صهريج مواد كيماوية - بليغ,8,0.00001111
177,تدهور صهريج لمواد قابلة للاشتعال - بليغ,تدهور صهريج لمواد قابلة للاشتعال - بليغ,8,0.00001111
178,حادث ضد مجهول,حادث ضد مجهول,8,0.00001111
179,حادث صدم لوحة إرشادية- متوسط,حادث صدم لوحة إرشادية - متوسط,8,0.00001111
180,سقوط رافعة- بليغ,سقوط رافعة - بليغ,7,0.00000972
181,حادث صدم و هروب,حادث صدم و هروب,6,0.00000833
182,حادث صدم اشارة مرورية- بليغ,حادث صدم اشارة مرورية - بليغ,6,0.00000833
183,حادث صدم دراجة,حادث صدم دراجة,6,0.00000833
184,حادث اصطدام بين عدة سيارات,حادث اصطدام بين عدة سيارات,6,0.00000833
185,حادث صدم جدار,حادث صدم جدار,6,0.00000833
186,حادث صدم مبنى او بيوت او معرض- بليغ,حادث صدم مبنى او بيوت او معرض - بليغ,5,0.00000694
187,صدم صهريج مواد كيماوية - بسيط,صدم صهريج مواد كيماوية - بسيط,5,0.00000694
188,صدم صهريج محروقات - بسيط,صدم صهريج محروقات - بسيط,5,0.00000694
189,صدم جسم في الشارع - بليغ,صدم جسم في الشارع - بليغ,5,0.00000694
190,مىأة فإعءـ ىخػؽك - ؽنضإ,مىأة فإعء ىخػؽك - ؽنضإ,5,0.00000694
191,ػاهخ رـرفق لزرسػ - ظنضء,ػاهخ ررفق لزرسػ - ظنضء,5,0.00000694
192,سقوط مركبة من على جسر - بسيط,سقوط مركبة من على جسر - بسيط,5,0.00000694
193,حادث ضد مجهول- متوسط,حادث ضد مجهول - متوسط,4,0.00000555
194,سهغى هأز ذس ؿخوكفت - ػلطا,سهغى هأز ذس ؿخوكفت - ػلطا,4,0.00000555
195,سقوط حاوية- بليغ,سقوط حاوية - بليغ,4,0.00000555
196,سقوط مركبة من على جسر- بسيط,سقوط مركبة من على جسر - بسيط,3,0.00000417
197,صدم ترام - بسيط,صدم ترام - بسيط,3,0.00000417
198,تدهور حافلة مدرسية - بليغ,تدهور حافلة مدرسية - بليغ,3,0.00000417
199,سقوط مركبة من ارتفاع- بليغ,سقوط مركبة من ارتفاع - بليغ,3,0.00000417
200,حادث تدهور صهريج لمواد قابلة للاشتعال- بليغ,حادث تدهور صهريج لمواد قابلة للاشتعال - بليغ,3,0.00000417
201,سقوط حاوية- متوسط,سقوط حاوية - متوسط,3,0.00000417
202,حادث صدم اشارة مرورية- متوسط,حادث صدم اشارة مرورية - متوسط,3,0.00000417
203,حادث دهس رجل,حادث دهس رجل,2,0.00000278
204,حادث ضد مجهول - بليغ,حادث ضد مجهول - بليغ,2,0.00000278
205,إصابة راكب أثناء حركة المركبة - بسيط,إصابة راكب أثناء حركة المركبة - بسيط,2,0.00000278
206,وكح ئسزو - مآؼأ,وكح ئسزو - مآؼأ,2,0.00000278
207,ضصؼقلئقعنظؿ دـطمزفغن - كءطت,ضصؼقلئقعنظؿ دطمزفغن - كءطت,2,0.00000278
208,مجءد حـرلف كةضصع - ؿكزت,مجءد حرلف كةضصع - ؿكزت,2,0.00000278
209,اآة وؼلو - ؼقػأ,اآة وؼلو - ؼقػأ,2,0.00000278
210,قلخذق صأبلك غسػذؽ - ضإطآ,قلخذق صأبلك غسػذؽ - ضإطآ,2,0.00000278
211,سقوط مركبة في حفرة,سقوط مركبة في حفرة,2,0.00000278
212,صدم جسر من شاحنة عالية الارتفاع - بليغ,صدم جسر من شاحنة عالية الارتفاع - بليغ,2,0.00000278
213,حادث صدم حيوان,حادث صدم حيوان,2,0.00000278
214,حادث تدهور باص عمال او موظفين- متوسط,حادث تدهور باص عمال او موظفين - متوسط,2,0.00000278
215,حادث صدم مبنى او بيوت او معرض- متوسط,حادث صدم مبنى او بيوت او معرض - متوسط,2,0.00000278
216,سقوط مركبة من ارتفاع - بليغ,سقوط مركبة من ارتفاع - بليغ,2,0.00000278
217,صدم قطار - بليغ,صدم قطار - بليغ,2,0.00000278
218,ذندؾػك صمؽةتؽ,ذندؾػك صمؽةتؽ,1,0.00000139
219,قبئكؿذ مرظ جهتــسذ - مئرت,قبئكؿذ مرظ جهتسذ - مئرت,1,0.00000139
220,قفحغأ ءكؿقظ ثفؿؽن - عزطء,قفحغأ ءكؿقظ ثفؿؽن - عزطء,1,0.00000139
221,كقح فوضر - طإطأ,كقح فوضر - طإطأ,1,0.00000139
222,ؿؤىفضد ؼدث طأذؿؾطج - مشخئ,ؿؤىفضد ؼدث طأذؿؾطج - مشخئ,1,0.00000139
223,هؠذ ؾوصؽم رقلؼؿ - ؿبشث,هؠذ ؾوصؽم رقلؼؿ - ؿبشث,1,0.00000139
224,توقف مركبة في شارع المغادرين,توقف مركبة في شارع المغادرين,1,0.00000139
225,تدهور حافلة مدرسية - بسيط,تدهور حافلة مدرسية - بسيط,1,0.00000139
226,حادث صدم ترام- بليغ,حادث صدم ترام - بليغ,1,0.00000139
227,حادث تدهور دراجة,حادث تدهور دراجة,1,0.00000139
228,حادث ضد مجهول- بليغ,حادث ضد مجهول - بليغ,1,0.00000139
229,سقوط مركبة من على جسر- متوسط,سقوط مركبة من على جسر - متوسط,1,0.00000139
230,سقوط رافعة- متوسط,سقوط رافعة - متوسط,1,0.00000139
231,حادث دهس طفل-متوسط,حادث دهس طفل - متوسط,1,0.00000139
232,صدم قطار - بسيط,صدم قطار - بسيط,1,0.00000139
233,حادث تدهور باص مدرسة- بسيط,حادث تدهور باص مدرسة - بسيط,1,0.00000139
